name,tm_shared_norm,tm_fullL_norm,tm_table,dtm_fullL,verdict
a2rj53,0.755,0.687,0.507,+0.180,table pair differs from ours (no chain match)
o76728,0.806,0.784,0.523,+0.261,table pair differs from ours (no chain match)
p31133,0.758,0.738,0.565,+0.173,table pair differs from ours (no chain match)
p00558,0.807,0.783,0.598,+0.185,table pair differs from ours (no chain match)
p40131,0.649,0.567,0.612,-0.045,ok
q7dau8,0.763,0.758,0.617,+0.141,table pair differs from ours (no chain match)
p21589,0.683,0.656,0.621,+0.035,ok
a0qtt2,0.866,0.644,0.633,+0.011,ok
q5f9m1,0.599,0.527,0.636,-0.109,table pair differs from ours (no chain match)
q9x6r4,0.872,0.833,0.648,+0.185,table pair differs from ours (no chain match)
q18a65,0.752,0.706,0.656,+0.050,ok
q9ere7,0.645,0.510,0.664,-0.154,table pair differs from ours (no chain match)
p62495,0.805,0.779,0.708,+0.071,ok
a0a075q0w3,0.769,0.746,0.720,+0.026,ok
p71447,0.795,0.785,0.748,+0.037,ok
p33284,0.882,0.851,0.749,+0.102,table pair differs from ours (no chain match)
q9z4n6,0.868,0.858,0.749,+0.109,table pair differs from ours (no chain match)
a6uvt1,0.758,0.758,0.754,+0.004,ok
b7ie18,0.902,0.886,0.755,+0.131,table pair differs from ours (no chain match)
b3eyn2,0.901,0.854,0.766,+0.088,ok
q53w80,0.929,0.915,0.781,+0.134,table pair differs from ours (no chain match)
q9ss90,0.902,0.842,0.824,+0.018,ok
q9x9p9,0.946,0.919,0.837,+0.082,ok
adk,,,,,no table value (ms15/dev)
rfah,,,,,no table value (ms15/dev)
